,value1,value2,size,mean,column1,column2
0,low,4.18.1806.18062,850929,0.4852143950905422,IsBeta,AppVersion
0,4.18.1806.18062,low,850929,0.4852143950905422,AppVersion,IsBeta
0,win8defender,4.18.1806.18062,850929,0.4852143950905422,ProductName,AppVersion
0,4.18.1806.18062,win8defender,850929,0.4852143950905422,AppVersion,ProductName
0,4.18.1806.18062,low,850069,0.4854100078934769,AppVersion,RtpStateBitfield
0,low,4.18.1806.18062,850069,0.4854100078934769,RtpStateBitfield,AppVersion
0,4.18.1806.18062,low,836547,0.4880897307622883,AppVersion,IsSxsPassiveMode
0,low,4.18.1806.18062,836547,0.4880897307622883,IsSxsPassiveMode,AppVersion
1,1.1.15200.1,low,3832464,0.49167741693072653,EngineVersion,RtpStateBitfield
1,low,1.1.15200.1,3832464,0.49167741693072653,RtpStateBitfield,EngineVersion
1,low,1.1.15200.1,3845043,0.49173260221017034,IsBeta,EngineVersion
1,1.1.15200.1,low,3845043,0.49173260221017034,EngineVersion,IsBeta
1,win8defender,1.1.15200.1,3800409,0.4919336313538885,ProductName,EngineVersion
1,1.1.15200.1,win8defender,3800409,0.4919336313538885,EngineVersion,ProductName
2,4.18.1807.18075,1.1.15200.1,2915372,0.49414757362010747,AppVersion,EngineVersion
2,1.1.15200.1,4.18.1807.18075,2915372,0.49414757362010747,EngineVersion,AppVersion
1,1.1.15200.1,low,3772200,0.4945419118816606,EngineVersion,IsSxsPassiveMode
1,low,1.1.15200.1,3772200,0.4945419118816606,IsSxsPassiveMode,EngineVersion
0,win8defender,low,8826512,0.4999581941314984,ProductName,IsBeta
0,low,win8defender,8826512,0.4999581941314984,IsBeta,ProductName
0,low,low,8889078,0.499959838354439,RtpStateBitfield,IsBeta
0,low,low,8889078,0.499959838354439,IsBeta,RtpStateBitfield
0,low,win8defender,8795425,0.5001284190360329,RtpStateBitfield,ProductName
0,win8defender,low,8795425,0.5001284190360329,ProductName,RtpStateBitfield
0,low,low,8766774,0.5021214188936546,IsSxsPassiveMode,IsBeta
0,low,low,8766774,0.5021214188936546,IsBeta,IsSxsPassiveMode
0,low,low,8734553,0.5022981714118627,RtpStateBitfield,IsSxsPassiveMode
0,low,low,8734553,0.5022981714118627,IsSxsPassiveMode,RtpStateBitfield
0,low,win8defender,8671877,0.5023152427092774,IsSxsPassiveMode,ProductName
0,win8defender,low,8671877,0.5023152427092774,ProductName,IsSxsPassiveMode
0,1.1.15100.1,4.18.1806.18062,659890,0.522715907196654,EngineVersion,AppVersion
0,4.18.1806.18062,1.1.15100.1,659890,0.522715907196654,AppVersion,EngineVersion
1,4.18.1807.18075,win8defender,5139224,0.5303851320744144,AppVersion,ProductName
1,win8defender,4.18.1807.18075,5139224,0.5303851320744144,ProductName,AppVersion
1,4.18.1807.18075,low,5139218,0.5303853621309701,AppVersion,IsBeta
1,low,4.18.1807.18075,5139218,0.5303853621309701,IsBeta,AppVersion
1,4.18.1807.18075,low,5130954,0.5305048534833873,AppVersion,RtpStateBitfield
1,low,4.18.1807.18075,5130954,0.5305048534833873,RtpStateBitfield,AppVersion
1,4.18.1807.18075,low,5034738,0.5342645436564921,AppVersion,IsSxsPassiveMode
1,low,4.18.1807.18075,5034738,0.5342645436564921,IsSxsPassiveMode,AppVersion
0,1.1.15100.1,win8defender,3636724,0.5526605813363895,EngineVersion,ProductName
0,win8defender,1.1.15100.1,3636724,0.5526605813363895,ProductName,EngineVersion
0,low,1.1.15100.1,3675891,0.5526923948506635,IsBeta,EngineVersion
0,1.1.15100.1,low,3675891,0.5526923948506635,EngineVersion,IsBeta
0,low,1.1.15100.1,3667632,0.5528403613012429,RtpStateBitfield,EngineVersion
0,1.1.15100.1,low,3667632,0.5528403613012429,EngineVersion,RtpStateBitfield
0,1.1.15100.1,low,3614440,0.5552373258374741,EngineVersion,IsSxsPassiveMode
0,low,1.1.15100.1,3614440,0.5552373258374741,IsSxsPassiveMode,EngineVersion
1,4.18.1807.18075,1.1.15100.1,2114153,0.5822724277760408,AppVersion,EngineVersion
1,1.1.15100.1,4.18.1807.18075,2114153,0.5822724277760408,EngineVersion,AppVersion
