MachineIdentifier,HasDetections
0000010489e3af074adeac69c53e555e,0.5372313625386406
00000176ac758d54827acd545b6315a5,0.6133948221993741
0000019dcefc128c2d4387c1273dae1d,0.4679573855371947
0000055553dc51b1295785415f1a224d,0.4952685060269311
00000574cefffeca83ec8adf9285b2bf,0.4772557494470637
000007ffedd31948f08e6c16da31f6d1,0.45918401860549396
000008f31610018d898e5f315cdf1bd1,0.5048374754094069
00000a3c447250626dbcc628c9cbc460,0.4544670919385901
00000b6bf217ec9aef0f68d5c6705897,0.5192314897733675
00000b8d3776b13e93ad83676a28e4aa,0.4612053880131216
00000dec341e29f26b92c3be03640bdc,0.6984871188931439
00000e658ce75c1e2a3bb47bcc3b08f3,0.49175016307810643
0000102ff65968bbdc04b69073434b05,0.47196655244439
000011236a5dc4ff119541c42bb4287e,0.5504958989254468
0000124d8811c1a5b5848c4d730cfbf8,0.5213142436460111
000015a88b949c982bc80ec8e32b726d,0.5821165718007917
0000187a73c37cab54bd5be81c16c71f,0.49596477791075827
00001be80a499e95d5e68151b6470aa2,0.5225290955719295
00001dcfc3f82d68d6eae9cad4a3e07c,0.8074261669654101
00001ec5ccb1deb10e7f9facb5738bbb,0.5146328902131376
00001fb4bab6f49153f8b8a8cad33557,0.48863355314599954
00001fb68068b9612b7bcc8e5dd07da7,0.49359683862469583
0000208f0145e1b831c508fd33f4e66a,0.5182056423427862
000022cd46c5714e86254b4133116bb7,0.508495627212857
00002336a5efa7665854da5c4b0f0269,0.4834682043973607
000023628ce7bd01fe765c9f1a003a56,0.5057527036002393
000024492167b242089b450565a650e7,0.4855986090967839
00002594fa72db6c02c1deac489ea004,0.47590549343735133
00002a6c8d5b34b6abfc7b73bff9c9c0,0.5474111214482467
00002b6bcc3c7956f9fc002fedb89599,0.522530438704778
00002beccd9a641ba92c988f636533d6,0.5226861006969327
0000308669f9083fa7383b4f627c61a2,0.6017080342569574
0000329ca426eaf815bfb6e50b168ca7,0.48513884186822037
000037823afada3fe53173808cab6374,0.5201813017307977
000037d9ea7b7cfbf476b433586e5113,0.4741785281166596
00003b98e4dbced155a5fb3eab04ce28,0.4861293205095815
00003c48f2b0f68c78e82f3d18b517c7,0.5921945569123864
00003c8a62e007ac98a85ef5adaa1865,0.5212109525145227
00003f163bd22a7172e8655fa3bb638f,0.4986102446951318
00004042973d5f920c690fbf2b175d7b,0.4561222333257659
000040636c1d3217eaa78c3dc0e6ca9f,0.46389900910199056
000040d0bb6095bc5b16451768177a71,0.4985541309833294
00004316d7d468be75b2c330d40b3ee3,0.47031370296222
000046fde0c3bb60bb94d877f1aed51f,0.5633376037141841
000047fcfba5075a43a39cc488d4a9f1,0.4714899056867238
0000484c1fd0f566986d558367799d70,0.4747187412093435
000049d209898e19506ae8f2431ec64e,0.5261999724028628
00004a929a8abbe15a6ea584f11a2d7e,0.45906620708286383
0000525b7a8f2fc01d84166b45f26b6b,0.511456382346205
00005272f40ed7235379787664f3c801,0.48157887199873134
000055688c4b1d7875a8bc99d0c234f0,0.6866517756968262
000055ea914f7ef72f9ad26b5cdf4195,0.5372929890891247
0000561fb64f4d946f204ba29913d16b,0.46663470841131977
00005e3b5150302adeccf70bdcf0aa52,0.622686589091819
00005f4864d68898cb9c63c22eafd5ee,0.5108917435503383
00006154b861493f10f174f72c25fdc1,0.6184375922432592
000065ad36d3a5b0943b3748ffa93fc1,0.43901324157935195
0000684ebeb593a8d574293b505922cc,0.5115980180041553
000068c452244499fb02b0cd0c9eb94f,0.5359452346548319
00006a744f9d2238c14147b654db8899,0.47719312866643604
00006e432bbb79128187560ba7c57ceb,0.5141683313987133
0000786ab891c531ef0d5d5098f28930,0.46542235772879065
000078e67a3f2a100429120430a18075,0.5722341827829156
00007cfba1c285bb92b4fbc10ee867e5,0.48187566247762403
00007d977cd6b0f21a7b497cff52b32b,0.48897357812721753
00007e387347b6a2c20e252bd8de3f86,0.5282967358513958
00007e926854c2c338f69d7ceb80cff3,0.47555472372786683
0000805072cfea837bafe44ffc3f01df,0.45147011066829307
0000837de4d8c1772b63a86a712409ed,0.5359322897906195
0000842ddc228be24fdd679c9a4194ab,0.5211683962734243
00008529373ccc5c6f2fd311cb03f3d4,0.49298388954107863
00008887d503218e314102a1ca9d792f,0.5035299632185481
00008c0e1103aa31ca48e0fa22464ae7,0.5328297290706254
00008d6f5d868b09d41db74d9badcda4,0.4940340213206814
00008f42abacfd7748a31fa33a3eb322,0.5371578448099331
0000907981a1859c968cc5b386a59b9c,0.5552073904679299
0000931ed8d90ccfe4722cd3887e22b2,0.5003669217024058
00009976930d8ab60a2a91f524188152,0.4490245489887475
000099994676a13660ac15170a2a0bed,0.4651908824995115
00009b91d4612a6b40bd015e4456b10d,0.44808141957069514
00009cf494f93eab0732fe30814791ec,0.5680222146204893
00009d90a3328e80b80443fd07bf807e,0.5244177190015519
00009dbf12762fca1d5d6624ca4a260c,0.4779217529476366
00009e4eddd2ab379c7c8b785f9be6eb,0.49471228139280243
00009fb1bae81b5df6b3a55a383c4e23,0.5065721747066241
0000a1beb3d014dcbf67a361edfd0aa6,0.47463058612322767
0000a6ac3a9280270f48f7b800addf0a,0.5087630355699159
0000a745dcf9a48aa3fd57fd9479e066,0.512191327011867
0000aa2cbcab43b694f86f20fff514ac,0.46283906517178885
0000aac36d56f088196bbe73725ce4e4,0.5575455720823699
0000ab23e3329284fcc549d6b61990dd,0.4922674819754786
0000af7f0cbfc244e1f8b4a2ab304d27,0.4929948926756592
0000b30c9f4e14b3b761b392d2d67bca,0.5223943558197446
0000b586928e64e2f0d516989e84c898,0.49227670519122996
0000b94f31295e3bdf8a381ffdf28ca5,0.6047708932265925
0000b9f4ea50c3c43294b642dd78277f,0.5247025382731998
0000bed89a3fdd8d7993da972307e78a,0.5499621032546683
0000bffa3b2f04490226c2c5f4f454bc,0.4771893812510224
0000c282acf747c43b0ef16affb40ec3,0.6263657144784919
0000c5ee678e014feac047c30cbbb462,0.4527077536268792
0000c8e4ebec070378c978bd1bd4c40f,0.49605502364842163
0000c96a81e3d0c8b6bbab76f3285ef9,0.6024057047241751
0000cc49973234cbc393be142d351961,0.5549055001566018
0000d42f9b184e817368d9947df1fb73,0.5136925449019731
0000d49329dfa05d72a209f7ec3daade,0.5267938241748705
0000d58528f55196496a828aa08c3e9f,0.555252584328298
0000d5f7f5896a0969211ee67cf2ea43,0.5244292075685404
0000d68052a924812e9b38155d97791d,0.5138850489786114
0000d6da7c8152d678b9c74432e5c045,0.5923465421035604
0000deb7f8f7f371363b0911c79e5c89,0.5747511058747103
0000e0c3ea157752d2bc861dcb790dfc,0.5823030587508523
0000e24f648470b515479faa56e90da2,0.5259250558491508
0000e91976024f7844865c06565399b5,0.5239543251217202
0000eb3f19bb17d4a55f8cfa90daf462,0.4676238172570173
0000ed47c7fcbb52bff8561fb4b1a526,0.4941520114886073
0000ed949fd4a2377869ef4f6e7ba3ef,0.6030328602037004
0000edd86fa35bc520a6f5cdd6be127e,0.5218247179931954
0000ee327f805fcfbda3aa8c0349013b,0.5520790292041311
0000ee6475e6687e7c53a0f6be300bee,0.5359270309395331
0000f0c3dc2e3ffe444df062f00d7adf,0.48508277442510017
0000f3021b22c7fd4b32274d96968787,0.5137920403771377
0000f3860346d5d8967ffeaecfa22d65,0.6222362696280284
0000f38dbba7564e7a7cb63522f88ddc,0.5058847992737121
0000f686b28e695811a3e8893bb9cc35,0.43079191294989855
0000f6d4ae05b6fcf29cf8f1aa35902a,0.4652431473887693
0000f6ed3212ae20a886b5f048f7c4f8,0.39899951196778793
0000fa70079e87fa2e86b71c8f080284,0.6225596485171356
0000fae061a473c3ce173f5e545c36fe,0.5027089098589745
0000fb3a225a0af3e6ae9c4702d65260,0.4818704036265377
0000fd946e7b582864214c3f96fd029f,0.5518118876852733
000101bd97af8d8a286acf88b9dc9d0b,0.5359270309395331
000102a4406432373d2fd31ba1d0f5c2,0.5578730079242075
000103139f198c92f81a0b432921fad8,0.5603143938004849
00010797324e80be8f0d0502ac996503,0.4708398126198724
00010c7886ff8f10c8b0b1c703b861ff,0.4938977969544776
00010ea7dd1d0d9d30d018b0648b5d26,0.5881723009418607
000111f06d149ed0e518eb6be23d1fce,0.5536064830328824
0001127b5db309f66bfa3e70efd6eb97,0.588284560677016
000112bfcd857df2897dd680e93f588b,0.4922674819754786
000117a4f88ba3b02e603b88d911e507,0.5142902558385144
00011b5b0e319c95509fbc14a4b4aaed,0.4984574952974249
00011b9ea6764d51538d0b6438d18a49,0.5536027613844213
00011c337c4df299f77d29558a093907,0.5137222371842605
00011d21164e40d5184e7379ff3dc17f,0.4580816736896478
00011ff9a2ea9c3270cbdebfb1d067ad,0.5227519090471863
000122a17de5aeb3d978da8c9e76bcd6,0.5429245830438891
000125389a3eee5c1ffb43f69daa51e6,0.4489713128328695
00012729252202d11d39d4d161209eaf,0.6009197961233885
00012b259e4b6a966960c81176695475,0.5143060632239561
00012ce9c94dc52f105c030fd1d9d411,0.515424954092137
00012d98850c7914cc0b36b79a9b9498,0.49527747555285234
00012dac0d657eb691c7f3a2c7a7c9af,0.49332734273287293
00012e5e3dcbd9264c014116ad75a631,0.52587869705419
00012ec1c0ceb4a807047d13ab5c0eb4,0.5597057424662957
00012f99bd6afbce1f694a04f4f44849,0.4959307404814792
00012ff6d8725987060be1e50307edef,0.5184272726300108
0001320bba9f8702ef6f7d644ecdaf30,0.4858695772944024
0001322ccef42af7dc4f2690ad788cea,0.4394295985899021
000132a3cf79221f46576a025b1d59e8,0.5408170923271141
00013b8341c3ab04c32186c6aa535cf3,0.5114809775882088
000140ea2b7e05f186448a5e454799df,0.48564194637198277
000141ec099d5de9e97c74223aa319de,0.5182384394233116
000142645d98cc9c0047638691f285cd,0.49230696381132655
00014435c1119fcd05e7575e5c2bb708,0.4871160197485333
00014443cf1adc0c5dcd70ae8abb3477,0.5244254372736521
0001465d7f5977de8fba5fab4747a874,0.5773577970000912
000147c414b86276e9be62a2e0a51828,0.5723312692645091
00014a4f96a6df7f812567cc2231e119,0.46523335783520864
00014ad3965a3b5598d0c4fa38fdefaf,0.5937369903273557
00014c0a997b0f5744e8228c72b69fc4,0.5097238747487994
00014f955dea7d75e2c0be8e509a4504,0.5146085376873379
000152b78db5bd16364be61b7d895119,0.49527029207202194
000152ddbfb6dab58700f6f01f7a8c40,0.49352984895239643
000152e43b5e75f5499deaa3d29cf1f9,0.49552780783818673
000153078623d288f9b812a1d3c06d27,0.47514883432280214
00015400f6c5794dd6918e044d192076,0.4531217686500897
00015546019fe02237da2fd12a620c29,0.5046468622838786
00015c06c4f67d47d2e7be7b6e3745ab,0.5096245442210975
00015cafd5de18fbe3830ae684184f7d,0.4747077727362871
00015cce6797470373d2928fa45b7208,0.522549694190294
00015e9514825357b21a434b03a7bfd1,0.43407274675483065
00015f366077dc05bef3943f6b51551d,0.4760882548061286
00015f8fe4a2ed2f2fdd2f2b67e08552,0.4677645688767904
00015ffdc97f45835963937a4b669116,0.44892857816425435
000160344fbdd87789fce5dbc9611235,0.5573459306822539
0001613fab833c6ad0c97b06d9801adb,0.5101441827054245
0001618a2f592a4c6373f947c3480980,0.4944013619354996
000164065648adb1cc71a858eec9e44d,0.4529652744505802
00016a4acecda4a1429ea8cf8606680a,0.6111640922621546
000171565b2192d182a8d55ba7f7e499,0.4964714295056298
0001719c1c06e1a16bed295f45574dde,0.4847968894551138
0001746d70ee44d29debe50ea0c220d9,0.5536080202355077
0001766a7a7d39cf37a5d1a17075d30b,0.47672563149061137
000177acb5245496c71420e818e3cd40,0.539068451629242
000178eab2e90e6744b5e2fb974d6928,0.5536453176255198
0001792178146d68884a530dbed09be7,0.5068250275865095
00017a3bacb5ae9785d429ff14c5194e,0.4756596219227161
00017e87b4e9aff68f2f3bb0e1a7238e,0.5225121540840779
00017fafc286cc535eb9c667b03e9ff7,0.4923140834866434
00017ffd20b36a9df8681df9e5ad62d5,0.5050047886445581
000180659618c0d0caec35e2cd36c1f6,0.4968917858694673
0001818100872a78de125743873329eb,0.5917329546359235
0001853659cfb2e77776cb75e7a50a22,0.5282028884898908
00018543f0edbcfa4cec0257cd26bbe2,0.5499621032546683
0001856777ae20f5081f1867da989f84,0.46197127057825405
00018644949b6e679c52644620154ad2,0.5042784906626843
00018a2dcf7fa72ca7908c460b6fec9a,0.4810525100674561
00018a4ee4ab6ded4036000a81b03ed9,0.4923361706612059
00018ac41bd85b49b2140648fecbc473,0.6101333070217956
00018b6632197663d5d259aff13cbf6e,0.4517328593650653
00018ed135284c1ff23266a41b0b4c34,0.5108893163882985
00018ef143ea589cddb4b0fbd5eade6e,0.5227315208860517
0001940d8c3dc1262de51cbf37f991da,0.48560710416392333
0001967e65a3fde1899ee053a13874a9,0.4446161426616041
0001978eb8ec05103f4d918fa33832d0,0.49928768811004925
000197989b8a6fbc40802b9b1f645e0c,0.46703471464459867
0001984f2cf48d9cc5059bd416f38af4,0.565979309096057
000198cb3bb137d8f312017b268062ce,0.4666144011555865
00019986e404966b103459d5cdc738a4,0.4652431473887693
00019c60f48d24ae9c8cce2e9935cce2,0.5940553002375248
00019e1951b9ddb00d6c5ea027b514a4,0.48651115712693194
00019e280600d0f2c72f4a13a51dd50a,0.5097071046923397
0001a022940f9f49c71ad2f43c6e9ccb,0.5546683664253099
0001a0ae5594621b83cc98d1a8a9d051,0.48508327938070095
0001a1812669bf901c59f3bd098afbff,0.47689627051190264
0001a5224db09618f9e1c7895b162324,0.5431461750487824
0001a55e53a65c5245eb1d2ce5423cf2,0.6757557519625597
0001a5a934a893445eb1c2e826144027,0.5241861190965243
0001a7cc3957a42d997222daa93dc277,0.5143869686252839
0001a826135bd437d1f586ccb375bbd0,0.49536163427012103
0001aa193a3a5ad645d11403bd2f6729,0.4703747865402225
0001ae921a13a16d25ee5653b8c19cf7,0.5143561128351952
0001afff5debe570abb6682f6974fa51,0.45957772428008814
0001b693c4d6aa501990b3efe874db1c,0.5127985220488321
0001b7c427bec8c345b31987e98f6b10,0.5028019010882104
0001b911139d912697465823089bb74e,0.550411271875658
0001bd16af23342ee76bb6d53463eba5,0.5062836365786668
0001bdb507ce1bfe0a77eb0073bc1b38,0.46533096682744257
0001c285bb99d891f9eb12de7b523d44,0.4934660145907488
0001c3c41631978e5aafb5c20528c200,0.4745944967878412
0001c818b2c849e15ba6ef90415e7828,0.48977885992865344
0001c843c861f092392b8449038177e7,0.515453109171799
0001ccf35ffeafdb3d5b3afc43593487,0.4920128183433058
0001cd043ba7e58f67aa8248c6a12f37,0.5493943742841869
0001cf53bf99f4f77262b2f72778b25b,0.5225291764773308
0001d12fcf044b15696fa2954507fb16,0.5564323007327482
0001d249c72bf35847da83d6aafbd302,0.5246056197286707
0001d4989f94b17c9f2de0d962e75d38,0.5240672114243559
0001d4e82bae29c709e03433be4f3a97,0.5003231738520443
0001d93f458d284ae4091ff1ae21be11,0.4635200560441971
0001da0af32a054d753fb95989c9a15e,0.42397346306079986
0001dae18dc781e2bff39588012c44f7,0.6114279821933202
0001dcc34b3a2352df0c4fe3ba038f70,0.5557326769797774
0001df29558d085967f385646520e1aa,0.46592704540183316
0001e0301a443446465dc0c9750924ff,0.4933139124362525
0001e04036bc9c62a696d6d92e16b831,0.517522479292585
0001e14d6488382ab56dcbc560137ae0,0.5208721529527358
0001e7f4575f1c384f340d4caceb24be,0.5232930530176939
0001e8a1150a5b37e9eb91c57d41f09b,0.5369929596020271
0001f07071a85e85abe6b9a0c4f2f7a0,0.5439161517532192
0001f0f3b24e6992cd8fcd9fcccf23da,0.6048073815625913
0001f49f6a1ae5f31020e79546f2a000,0.557620571879005
0001f780f576c51b77d7f26ea86fe408,0.535963519275532
0001f919869fa4f4e0c06cdd788b1762,0.5536027613844213
0001fe78b03e2939168fe6cecc2d9d73,0.5568282170191572
0001fffcc88c40950a8498fda77da068,0.5260019968858136
00020246b94df26e042276926fa38af5,0.5680087402778231
00020420d618b4fb2a455e66b47c2a70,0.5900069188039959
00020683c821914179e9baa1b6819b88,0.519990607699868
000206a53f8a921ad2745ed63e3aa0a4,0.5817879817993075
00020cd6acab69b2266b95a2a583923a,0.5077339813631322
00020f34585f49b12a4bf43dd794f253,0.47463430777168875
00020f38902e0adc4888c171ac6400ac,0.5794882457665644
00020f83a98cf3ef8466fbd728e38ae4,0.4480706587505142
000214324ce9adab94a654fff0616db1,0.610390187797273
00021472cacff4f6118c9f330948b637,0.5112173564973359
0002148400adc1d379f5e09cc6a5c186,0.5035299632185481
00021575ff151a99ac59e83d84aa417d,0.5227731871677355
00021b616c4895f5c5509fd1a65ade3d,0.46523335783520864
00021f1dcc637c037a20ab9e2d149a87,0.4777811534444176
00021ff83c256b23e50eefe54a2f65e7,0.4940755461211948
000225c9b3e4745c9735084cce87ec20,0.5822168613317462
0002271bdbac9c1fa4747e7042020f0a,0.4934963541162467
00022a9731da58daeb17a51e07fb587d,0.5096676668000053
00022bb810303bbebbad2bff5fa28087,0.5105875392413457
00022d78ccdf666e0c985d80ab12def1,0.4942138979909181
00023216108e7a20fb5dcda15c09c8aa,0.47725307956881996
0002332e68f557719aaf78ca73199522,0.47699741850062405
0002362de92cca6b38322bf97e481f97,0.4929414142053815
00023da940340ab8477fa67524d75c46,0.4607284052019319
00023e6e463c21a2f561a455149f2bae,0.5240230138074475
00023f913b56f7ae1311fa22a4502c94,0.4958439052411745
000244049cc9ba16057220c6921ffa84,0.5719197657271906
0002441b4e2f5d2dbffac447590a5098,0.5802287785317342
000245561ec5fdbd251cbe8757c6b464,0.5466897507215391
000245fe56dfb8444861ba5324842aec,0.5092245015717944
00024a9fd3a77b83fdd7172fa6fffcb3,0.5056350028214477
00024f13bffa611d88bd15cde39df52d,0.5033399439787971
000252d2ec1ced186e6782ad1d7f045f,0.43129380287095637
00025320d58682ad5bbf16cdcb4e885a,0.5225290955719295
00025352e4ea598255de5af8529530a1,0.5961263937776309
000254167912f7fc190c2bd854247fe4,0.4442521025455676
000254522751079ea753fd2d7b2a3cc7,0.5148938283008885
000257878d01e2dd9ee1a8ab00055720,0.4652431473887693
000259941020cca2181b3dd8cc77b36a,0.4937626137920165
00025a9a84fe2cebd3bd54e7a158d268,0.7822047502685034
00025b7236b39f25ddc801e467a42fe9,0.5373440558770978
00025be3d256fd92ea180c82007d4a6a,0.6333998727861359
00025c95e18a7ebe12a5b726a68a4864,0.5504220322940345
00025d3afc88dd603e73d51af599aa89,0.5227691418976691
00025f426e51c05f39552c0cb4c0644d,0.49227152724554496
0002656218d5f36a42611905b962d9a4,0.49607529468897205
00026693c47fe5990194e464390d1f9f,0.5578206621295484
0002693e848376f0ac5ff5cc877d0913,0.4935720006664882
0002697a9ad1d005c903ecc002495112,0.5574649093972461
000269aef2c667aef45385284e5d359d,0.5327211479748432
000269bb6496453c3824d8cdc26d5cae,0.56112192491486
00026be58326a66205257d79c6700014,0.5223939512927379
00026eb40b3a17d4e1ca25cd5a4f293e,0.5117556384019164
00026efe4e6af10a9644bbaf97c5d54f,0.5060205813840357
00027126803ca26bbb1271f4ad336aa9,0.46953291823361243
000272ff1fa7cec61f0bfa0f872379a5,0.4977660519707249
00027339067d9fde0fe0ed9e22229678,0.5268797835283325
00027a0715067941494c0297af8e3e08,0.5576569793096025
00027bc6763d993383b5c467a767bcad,0.5578741405998261
00027c4992d1a5939801c0faef7a687c,0.4933107571256007
0002843d6e0b908dad81066a44ae2620,0.522236994814162
000287087f428d56824e3efa0cf0352e,0.5071130090426135
000288518a86c2a98058e0ed845aed87,0.52236461489103
000288d1fb88c67228b8fca7b74f84ff,0.60318409559035
00028b77ab6f375adf9e7de53b73aeda,0.47605697411558956
00028d9bcaab3b5ca48ac9a400cb6bec,0.600811456809385
00029066f489d37881350ab5433f86e0,0.5243883016944426
0002917b9441191d2c604506adf6433d,0.7122634622181749
000293c5511fec0727e14a72580d234a,0.5372109996586055
000294a45eec04d531f3916018feab06,0.5211685580842269
0002970c2a81f9ae83c49f5a7966ed3c,0.4959887259095513
00029d44203285e4b72b17740fa50590,0.44802802200581876
00029ee3248d652a18b93dc952cf95de,0.4809324521541703
00029f5a9f2af97998419e66d33b70d3,0.4493640812399941
00029fdbe12360ed7006788e7ad50468,0.485597395515764
0002a1b3e7234861596adb8b13771ed8,0.5143189772559857
0002a3bef538f4fad1cf88890127f021,0.4451893850876993
0002a3e9ceb6239cb6c0cb19d94475cf,0.5923437426772391
0002a6c04eba118f28571e39c97fcfdb,0.43517027756590554
0002a71e78bf4e99bd136727b15f8748,0.5050733146542775
0002a7e953a2a51d95f0d5662fbe679b,0.47526671647673463
0002a8ea60c3a07b62d7e421c37d9f55,0.514231437611749
0002aa45e1c1b30829500de8125907cb,0.4571896542873474
0002ab996b079d2be7ecfee11ab7d017,0.4819448365957593
0002abcbac877c0c216ef6e12f88952d,0.6040356735820014
0002ac18bcaca83ca04f473caac1d9c5,0.4923140025812421
0002af7d4478601671a6ab5ad66b9422,0.556896111537539
0002b03b3b4d07bea7f4b3c6704437cb,0.49385616240770824
0002b2be1357f03b86556008f8f80caf,0.49612027809211035
0002b7fe1379b6f58249ddd8f18c1041,0.4490135458541669
0002b87a185d4618c833dc2baf954dca,0.4863511580014537
0002bb3c42f8c236817d0fcea0ecb5c3,0.5817235001944492
0002be4dcca0b75f8217c5122251028e,0.5026706725272567
0002bfc084b0d2e9b4850e2cfe1c4035,0.6031138697019975
0002c0d0e29e0cbf74ea8e9ab03a28bb,0.47034971913829543
0002c30e1c98123aacf62a01b14e00a8,0.5070406796138265
0002c5b96b15f31e4050f2e2d414a047,0.5084073974519809
0002c6cab10addac649eee1c25d23984,0.471476596250752
0002c6ff9ca17baa607930e174ecc947,0.521167134045977
0002ca8cb4451cdad20fa11a828a5793,0.5536397351528282
0002cebc6813bfbb9fae1716a2a6ed62,0.5070405987084251
0002d0eb3689cd8dec6b91de6554818b,0.4820638704128693
0002d295b6bc19c2fdb23651c4363bfc,0.5086997078183914
0002d5bb8a137a58f1cbc33d52948bbc,0.4763623705597805
0002d9d8da5b1daf1880f957db557976,0.49232063682415095
0002dabf824e63435718bc911189e04d,0.4850552896232533
0002e2128003a66f20e1704e330a9566,0.49123164766423283
0002e231ea830bbed2af3c81f3ce0744,0.5569828272410947
0002e30bc7db01912a20a8d8d7009349,0.4931737842811527
0002e3df6076f03ab25294a5d172b9aa,0.49358025301742364
0002e6c36ea40825bd589fa1ebeae65a,0.5194016459409959
0002e8dd4558f02855ca9d1f8184988e,0.4670508148194629
0002e9c6e8fe6b4fe06f3a6fd0c4009d,0.5560467517477319
0002ecf1dadefaeac90243ec12ca88c6,0.47253243284275587
0002f094e33fa1b381d893e72cde0128,0.559833653905795
0002f1570449e7bdffe427f04b3a2ae1,0.5154524619285884
0002f1899cde23de87a57fdcfe67c860,0.5153724482595984
0002f6047bc158045868d78833fff54c,0.5619964170940901
0002f9cf815deea4b0f8fd3f412a17b7,0.5165444421303098
0002fa28c4f8a7d31b1fcda9e9e9a40c,0.535923066574868
0002fae2891829efbb340ef72d448f7a,0.48556098808516646
0002ff36474f1cb7dadbcfbc66b65f34,0.5043075450307097
0002ff96262e6e4eb2ee5e56878742e4,0.4390199052253434
00030009377dd63057967e17f515d8c2,0.5146819188863423
0003018525febcce6bf60c4ae30647ee,0.49297871159539364
0003071c5b4d7d531fdb5b2a451ce305,0.4818625261028341
00030741080634ed77a297fd8dda0e7e,0.5504778570209508
00030a6b0376e441600aae9aea250204,0.5015557593284793
00030b5aae2b4d7f5e3c97c8a7e2c918,0.5504373234148855
00030bcc26dcdee9c266fbd7d7b90554,0.4989038246295979
00030d5fff3af5e41ce7eeb5b8c0e02d,0.49602529515095145
0003101516de265a565d245d47ef5144,0.5246336068712685
000310f79cd6a7fd83b81831668c29fc,0.500357148209061
0003127989861d32b087f9d806202566,0.5209894886641359
0003128dcd823dd7fdef66df58c3db94,0.4539449811086002
0003152229ec9b96c795b901201b6d13,0.5359283254259544
000315c091096536595dc155377cba8c,0.5886113815364925
0003178134051bc6bcf967665c8ebb61,0.5118495592560977
00031877614949a9e9d64f0f93780123,0.4313468768142274
000318c64387710e78448055ba033d8b,0.4780846898179468
00031d1d8db27b26ea2388a77db0a61f,0.4934631829017023
00031d7dea6feae41947b519fa2f1e1b,0.4199244007841985
00031fff8512dfe441d5d4792c036ab1,0.521163137422338
000320f7f56b755d83d0510af07a8dc4,0.5873457713618958
00032318283aafc9c821b73f6c499d99,0.553608101140909
00032382ace78fa06b0bce32cef462fc,0.4934634256179063
00032695ee78a7de3559948901cf3e95,0.4592051089451697
000327a0e3a26dc43e112bec6052f02f,0.5997466678041353
000328ef1d8fa45e51aefaa60bb4cdb4,0.470781237109311
00032e30129c3676942225f9c84eba2e,0.5024283815650809
0003303ef408f39151984fb4a308d052,0.5420920664642259
000330a64298efa1fb3e71b0e224ea79,0.46688726379712553
0003316894b5e59020d039e3b138aad7,0.5053706855217387
0003326614b5508e92be9a70a7e2c91f,0.5187834182066557
000335402485158da21a1ef05c90f472,0.46565059164549605
000337ced51d1d598c139421354b9841,0.4753240446025296
00033851147b640cac5aa99c1cc7042e,0.5227678474112478
000338541d7d0cc73031b2d00a238776,0.5074014398996669
00033cf39b77586e32409a3a0d729e6c,0.5726081322470153
00033d11a6347c2cbf749432a8cb73d0,0.44902102561767687
0003426f578a586a165d9ad737df27ba,0.5174001846864158
000346a23ac3f2d181186b5dc627a3f0,0.49384230561232445
000346c61b6dbe436552f342bea4dcd3,0.48566527514747804
00034749f7875ebf386ec2834a865b39,0.4697117001545606
00034769c60ccf128fa91503c0746f5f,0.4598085264667836
000347b75e53526e504ea90cfab1bf62,0.5926284487845117
00034a057c16728e5782eef91b7ef070,0.5107822785423417
00034a8d3ee2eb7aec9bc00781bd09a2,0.4930078473030294
00034b3c92b4f7f0d3196706f38643d3,0.481925014772434
00034d08fab088afe5332d58d108ba9d,0.5504820641018198
00034fc13589d3e26a6c2932f3e771d3,0.5568045117365682
00035072a2c827e8e5e014f5584fcb46,0.5048533651270413
00035089d865ad6d5c54f379ea23c825,0.4708411071062936
0003556583c8ad989e0d760fbf1e99f7,0.5817420275313533
000355d38806cb30090527b37b10f6c3,0.5680664140229864
000356051417448526943e46a0dd94de,0.5861986206580945
000356a2b42e22085234e7649b2e7194,0.47082071894515903
000356c5b5ae9ae4978046d2e304faf6,0.5873824060289621
00035ae45f11e13d760a4510d7d1c051,0.4531479820001199
00035c3b31ba91a2f35312002e28573e,0.44898602099919716
00035e87f9be36bfe955835978078c32,0.43130448238393165
00035efa12f1035b0971208d1754e2c0,0.5015557593284793
000363f7519af796b9c322834e4e22bd,0.49084912655544144
000365c076ca2f48006a9836616fa15a,0.44653211351630434
000367d5be940ced5b4d1b193f5a86c5,0.5872202477973798
0003684082b2e33e1523e20db2ae27d4,0.5439740879099135
000370a878e91f1043992a44c73ea2c2,0.493639071244189
000373d24c3731a742138f1d9fa6203c,0.48559747642116535
0003773b411b69841bd5b18120d99331,0.5556349432549733
0003794775652f36af68c09db90c70b6,0.5750868632902209
00037d5b78185e3acc4df4516d83d3c0,0.5396985911594274
00037e278d16d039e881c68112ca8d9d,0.4920490639631006
000387c37081b4deb555b6106fa83be0,0.58573367662605
00038ab7d3e6bcb19bca23565d418e35,0.4490085297192846
00038f46dc59501455483dbb66c7b142,0.5438803915658322
00039138c69998c2b7d781dc1259725d,0.4944139734149491
000392ce522d19f8cbb531f91a4d8a4b,0.49223511981494744
000395024318870674b4a4f398a66fa1,0.4653447168583381
00039a87320b6e22296861444c8158b6,0.556896111537539
00039d5cd7f5c023420d5c3b99fbfc38,0.537037862099764
0003a134ed5ff9aa1438eb61f063d0a4,0.6182367920187892
0003a19b4449bcc4980d553edc516640,0.5246296425066035
0003a4432cbeec19558ae7bc3ffb0428,0.5852183526757186
0003aa4c1c91b67fc277e0b21e97b259,0.49315954113532323
0003aa6509a558f60a023823d4209d93,0.5120953732058922
0003ab5564a79314753b856f4c5926a9,0.5370558230988588
0003add17e5ec4a810c92323d5d1491b,0.5825311483379462
0003ae989fd1cabd640347c88b62da47,0.516266383816472
0003b3349a941d752696797afe445fa3,0.45392435182511326
0003b417d089cd0f7ca13544227e29bc,0.5085131579179927
0003b615e546d2469daa37dded9627d9,0.5246039145889813
0003b8f16b5df954ad2dda8fa4ca894e,0.5147246182297952
0003bb49e377a47b3ee098dd903cd499,0.48763978747545494
0003bd390e1b6b08c59e99dcf3236f40,0.5208640624126031
0003bdf616a2c97c73ab3db8efaf0e6c,0.509019427560925
0003c05148d5f7124b7347684d3c4b02,0.48085740906826896
0003c4980305d6baaf5b8f0911a2395e,0.4934495098888779
0003c71b8fd56ca4e5389b2b424d8974,0.5373762342550694
0003c71c051b3e5153d2ff6cd1a3eeea,0.44808141957069514
0003ccb6961bd0ad6c6e1c419ffc4a53,0.5359322088852181
0003cd8acca1df323e0a7a787f611159,0.4531578524590819
0003cfb07c9168772e162b645d0d39bf,0.49675699747085517
0003d1272cddae3d2d968f81c1027901,0.48508285533050155
0003d19bf26a89b4b0add1f232974562,0.6693655002714107
0003d25d386ef63d61c9d0f43b442670,0.47462961525841174
0003d3bc31a120a881dc226ba94832a2,0.6006286175840098
0003d4604d4d2e2afb6e78da8cc16416,0.4959234572224365
0003d4db16376e2f8b6f34a8f05e2fa0,0.45270504027242225
0003d7d923aed8bf4de07ad33fc2ea00,0.4904033381654387
0003d9e16c9ca4bb70d45f2b5f995eeb,0.4638838255951307
0003dbd1b2b49fdf2c72a9152a4cd9a0,0.449013060421759
0003e38aaac4df5ccf5c0e6cc0aacdcb,0.5033948002173942
0003e4c26a341bd493fc7ca1db2a27f8,0.5209061332212935
0003e5ec5e58fa21a6be046e770578c1,0.5926320086221701
0003e8361630e5234300cdd2ee956fe0,0.5227677665058466
0003e9e8ea0bc7c36696bef71289c7b4,0.5146975336287986
0003ed8a6f3005708188a3b198371b2e,0.5386852027431521
0003f338cffbe205cde08a60762e64be,0.47083358290397015
0003f4bb550ee2c39baa53aa6f48ea4e,0.6008023144990349
0003f51363aab82e66e83759b7254395,0.5547425566783276
0003f55b8434978e1bf6e9f8bd527b13,0.639941030539976
0003f69e63e0e901f1a15efeb463f537,0.5397809962990276
0003fc9bee0e2e043492a00296768afe,0.48507759647941523
0003fcf627439f64d3721b6392a3d56f,0.5146825661295529
0004014a7d9d6d2acf6ce535760b18ac,0.6383013966079929
0004099cc7c4cff88063b786baf091a6,0.4923140834866434
00040ca3873b925e7637f547e0623c34,0.4934764416243624
00040de18f472757be4af5ceac932a6b,0.4779997297507218
00040ec301b99edf544f9b81db819a6e,0.46365514104758726
00040fb3e512ac8737c63724da531ef6,0.5530292552533825
000411514dff06cab7fcb1b48f6946c8,0.5576428063740279
0004138a2a8a8dd365b016965d8a6065,0.4753649756670969
0004141f17d24ac8b7990acb873b334b,0.5222124804775596
0004151c8eadf300b68e4a7b8bbdddbf,0.5594725866501948
000416a5cbb7fe7cd391427f1c2fb658,0.5248511292364649
000417d4306fb1f41c14132d8481d076,0.4647348496545933
00041bea1fb9ed0f087e66415331fd64,0.4935696544098497
00041c5bfcbc11916a5e42d0903954a2,0.4652443609697892
00041c61b8f7b794b54d4bc5ef7995e0,0.465243066483368
00041e845e0ea0eabcd406cf72e685c4,0.5267972600189782
000421673eb9dd5e074837b22ca3edf7,0.5089799429508758
000421e2601a481025dfdd6ee373bb3e,0.5244351030483826
0004229d9978bcd1f160129aa78a8020,0.5791590416885615
000423e8de6022b63db9a784c53a1527,0.48833377666232325
000425de928b48818364d3e95b236ec3,0.49227670519122996
00042a524914dd21d6ef067b1a2253c0,0.4977401622423
00042a7cb2df14d887b537b3e46ea749,0.5674876284930114
00042b73860d57923429d2f74b9f8d21,0.5225303900583507
00042c2ea6c36a2684ed475b21e915f9,0.4688348322601957
000430ea3fefa17bbc5c1993bf16b62c,0.4889592539854793
000431587ff7e776c64dc95a393fe0e4,0.5212056936634364
000431bdb731a818f9f571a03cf390a9,0.5114971586684743
000433f695aa7f2cb0ad78d440c3d9d6,0.44902260725911564
0004376adce4e5d69d08c7d2bf5c823d,0.43307054782162874
0004381724a2ce65235e5251d1efc1ab,0.5412667427361125
0004384e7f04547d63dfa42fb9830221,0.614234806342109
00043c789c567334001951f5272b293f,0.4289308700535648
00043ce10af951d4bd6055c780e1b6aa,0.5359322897906195
0004412726077986332caee8dbe325a0,0.4933139933416538
000442bb91d159400962bf6e645503ac,0.5266783660409141
00044713e67c476fffed48d2cdb3b3f2,0.5536495247063888
0004487c46252ae58c905f0e1171f3f5,0.5725254422276957
00044a302076fb4b0ba2f47061f2ea4b,0.6939759238430383
00044a4508136288ad0327a7ff770d0e,0.4490245489887475
00044df80ababe88fd4d8a2fc5cb413b,0.5745157520622477
00044df8c5111208cb17a432f5e7509b,0.4967063470561713
000450b3e9dadf1ed8aa88e3d5bcc220,0.47073014747545067
00045319940c6c5156b20009082018c1,0.49602628798752413
000454e0f4c4e38234c74047bf1897f3,0.515379080729584
000454eea2425c46517dd86bd85dbf8e,0.5178118317260393
0004573c40a4542b209f9110657fbcc3,0.5574111465619858
00045781914b93de43fb4a44922296dc,0.49204024527435586
000458fd6c24cf5613781f218dc76983,0.47034971913829543
00045d3f99316be6516ab6d7dff81f9f,0.5137298422919853
000460fa1483e87d96fb65e4f50bbc5b,0.448069364264093
0004650fe99cc5eddf6a97591e5e4be7,0.5752056362145658
000466bd339c7a8f1bc9389514d2672c,0.46760575157398393
000467b81559b60b9ef5f170a4927caa,0.5070353398573388
000468f7019a71694eb768be6e885155,0.465243066483368
0004692d7630f349dc262d0517265287,0.523915018033339
000469a7468f7cc62bf4d2d539726141,0.47515955516699987
000470cf96a109b5cb7dd83a81d95bc7,0.5227214603819101
000471c04a1fe1498afe6ae02c37a33b,0.561128625759448
000471c91a62777d1db602f21e47927a,0.5879737183299187
0004723e1b2bb9cf88f9e0d83c850677,0.4936959477413224
000472f607a494d5f7d9cf72d2a277d6,0.4489695333158446
000475a8917e39164e8d80f84392a494,0.48570281525369413
00047989e61ac44aa800a75b62eb3f43,0.4781343882317454
00047996d8b3c2c9146f66e69ba4f879,0.5121911652010642
000479f9bc635a0afc5ae7cda041fa8c,0.5345391568056811
00047ab9415a2ed5e473ddeadad0459a,0.5056173225728057
00047e1b6c18f13c2684d0a474a598ba,0.5024785588033234
00047eeac1510525a05c75bb71bade6e,0.4944013619354996
00047f1e4743d4c62a25135da8ea506a,0.46263301440936405
0004817c558736694d92147a2a9c32e8,0.4726250188636436
0004844e4e75347362d7848d5a5f9032,0.4357243986595997
00048695cf9dd8712b4d31c0c57f72c1,0.5433910452206431
000486d4e09758eddf63a59562c19762,0.554960596734906
0004877e147e3fc13c1cd4e7e272e8a8,0.5923664547537445
00048c7549f167201ce322bd6d96863c,0.5585234172241789
000494217352d8417e6b502cb58c4505,0.5243776221814673
0004997cc28e24f7fbec2ee96f187f5b,0.5180619549641001
00049a7d09d101958b7313ba63a7ea65,0.540343015131019
00049b1c82915e6b2cdee096b1aa0025,0.514100715211809
0004a18a087eda94af57b74747255a5f,0.5606012843535932
0004a9c8fc1e543392344880bc488f74,0.524835109967002
0004a9d95280ae449739cbe1d2e82f3e,0.4726676304306513
0004aadbff0da7e7d1d15f2947e6ddea,0.49201686361337216
0004ac7f428fe78f31d247f1c468c53b,0.46470415932920356
0004ac8f21633ca19660052b9b67ec2d,0.5674225805503438
0004ad9ce8e3b91809e90469a2b883c7,0.4760355341842377
0004ae96450b148b0728ac6491bd4ec3,0.47583826104884797
0004aed72bf20ca2677ee9a43f4b15ec,0.4652431473887693
0004b4ec75a759808da7aaa455962af2,0.5179597203157373
0004b51b6dd4bc888a49d4265b8c01c5,0.4490245489887475
0004b6aa7cf2268b67e6fa3fdedce354,0.470318880907905
0004bbda103e2f937a57d16a73b4d329,0.4934801738850019
0004bf73e1222dfc410ed78e8181fa2d,0.568164964717732
0004bfd2cb8279ff5a8b4e91d9298978,0.49330428469349447
0004c157dc1b2e4918f6c9071faba84c,0.5071028357139917
0004c36ed300468297721067fc86acd8,0.49293615535429525
0004c7f448a993bf90c06645f0007d62,0.5225950334740116
0004c994291c5c99c78fafbaf2379ada,0.49873346135513746
0004ca0a78c9a6502d3f7b9bf7a5f23e,0.4929421521171512
0004cc4d17dfe6b4f9274a9fc60d854e,0.4957071751129305
0004d53a0798018e4be8637c19458ebc,0.472178877917249
0004d593c25a70c03088c87434eae7d4,0.5126667749862373
0004d63c71d318362018cfd61008abbc,0.5047821361148986
0004d71f9a6d0964028a32a246f09389,0.5311894350739561
0004d74eae55fa1cf92507317c5c4832,0.44900513169242884
0004d8031414ec5e8b665e351b9a326b,0.5219574666525744
0004d8490625fbaa80f44863a54c01a3,0.46015501801054326
0004dd2e76f596f10c543903112f9f07,0.49356431465336204
0004e70a70a3006713d05dc509a8d15d,0.5177531629146064
0004eb3b87804733f75c0cf04aa47667,0.4940575139798564
0004eb3ea9890c2a7f768a1643937803,0.5212085576114569
0004eb8c4e29c150ec6141b0ada15e74,0.46519646457039887
0004ebc7f01994db8b9421bc3a3b8d03,0.4790850407163178
0004effe8915265527fb8265076b7fcc,0.5821510852404667
0004f12e3ca6ee57185ea20e0891f6d1,0.47557180674980765
0004f21cbdfeeec0bd85dbce8acc9e14,0.48025819396626035
0004f2f48cf0990a19171179aee59af5,0.6476045692252997
0004f4de577e01c935929dbcbb91fbdc,0.4955128403389411
0004f5c2b4088118331f5360856ea006,0.5031729272907379
0004f5d5614deacf1a1990c267ae5585,0.509830514864533
0004f5ef94f59583d4be43209a6420cd,0.6225140178707868
0004f64adc202aeae69bea74b310ab8b,0.5536453985309211
0004f667e462de3810a6f1764c264159,0.5555353079488552
0004f71bdb7abdf4f01d4e6bd0ed19a7,0.5212108716091214
0004facb9665e5ace350d59988c10733,0.48511198127497956
0004fbc62202619c24d4b82fd44215ff,0.4942253117822103
0004fd5bbb12e8043735fab8a92f95ed,0.46862962776609146
000501504788d582a8c6aff007646c07,0.4936609157025475
000501bf726a6872d86f3e5cf78ed7a6,0.4490245489887475
000503d0326850f2d36c1a643aa6ddd3,0.495944227938821
000504cfa2d701923ac685fdb88d6454,0.4933336533541765
0005056e6fadb518ed9c2c36e7b237be,0.46983464246506995
00050b0ce93e09900d5aa1f5b13cbd41,0.5147095076281951
00050bfd3e283f47a044ba79f026e7ad,0.47563944464824354
00050edc9e25afa95c0f75b6380e5faa,0.46314430978364485
000510a9403a8ef0821ddab0d355c4a7,0.5111096850508896
0005123e9e1da1dd475c4dd0eb9d3687,0.5089598843774328
000516bb62ffab330c0b4029202b445c,0.5142780391229138
0005178a38cea9204cc61b300cad44de,0.5637658397032819
000519f8585ce316243a0831b7c57feb,0.5327107665376479
00051a5335e07d90033a45ed2264bd6b,0.6023637078392603
00051a7ef309bb3fc3317899a18800e6,0.4628382756409684
00051aada456b98792438576476769c4,0.5098649225630887
00052654ff16cf7da3fa0201217e4ecc,0.44381682495417296
00052bad432948dad16b510ac693ee7a,0.45563625639731764
00052d946ec4aaa9168f3e7401d8bdb3,0.4810945808761466
00052db18abd91c4e50e1fa619bc74dd,0.5249402869887282
00053130e0dab1b7f771c2c882fc11db,0.5211683153680229
000532759bc142946265d5a4aab49551,0.5551404260306958
000532fafe98b41eb7d206d12e1c2e6d,0.4923400541204696
00053424b318b5770be839aaf283c31b,0.4948483703473132
00053c9342aa9a7430d0e52d214354f1,0.5360092308272821
00053e58ae056200b185cf18af68b386,0.5116888235642199
0005406eede004b85face97389b796f2,0.41408439901408817
0005436d68944343ff9ad6a21c7580cd,0.5223511845944095
000548e7478468afd2756d77dcd22e43,0.4532283210636384
00054d372bf85cf5260aae3309f27c2d,0.4778176929860429
00054e0f258af3f7fe46d5f852f07496,0.4871074940977083
000554aefe55e2f4c0f23d25d424ea1f,0.45839588754834165
00055bce90bd9278a0a88ea685e7b4e8,0.4703141270124195
0005611f00eac958253e0b18a1b1cc4a,0.48508327938070095
0005667f56af45567df0bf9b066af50b,0.48667421838752434
000567e8b4eac4052816efc5111dce1e,0.48187363984259085
000569224f61add3f7254b44e6975838,0.5107119497768311
00056a9a18fbcbd68936a55b3b801615,0.5902468033189329
00056c2700e6e558515f98f28fcbe370,0.507167849579087
00056c9ff4531d4a294a7f20b121dd24,0.49297871159539364
00056e728c8ef2613f3a3bef5cd68a7b,0.465243066483368
0005720c0fe2dd3e6739a8fd150ffbd0,0.6797205385244021
000572e6e50c8c44422e61ee1a0e6c21,0.5056173225728057
00057674c9ed86bdd05811a16c437476,0.5079396367887304
000577d8aeb3e7b851770848f2adb28f,0.4724968361444673
000578c481984909fdf7b28ee825967c,0.49227670519122996
00057c7aa06f9598e65d513a7f0a3a29,0.6009593588646378
000581daa9ad1b56cbb31028a5a1986f,0.5461927670096511
0005820ad429bd007ebdbf7c9d8fe73e,0.5213142436460111
000585a1876a8abad473314a3adc7f76,0.4958097631618142
0005895b2b326397e9a863a34bf7c5a4,0.46357214526587304
00059133d6c95d9e8335c78e780d6d62,0.5118836437706172
000591dad282d09beb1308eb54483163,0.5154073976200488
000597fdcb217585c9bea20185e20b2d,0.49227274082656486
00059a85a1f9c80ecca654cc1e01375c,0.5644846589167312
00059c83d4b2ef453c41580d0bb30ddf,0.5359322897906195
00059d8b6abd91ff6ba65ce7094f8f90,0.5192314897733675
00059f7bbe6c4990c315f1842206fa9b,0.5260452443136362
0005a8a7369bb4388880ed7b33374936,0.5536404633014401
0005b1ffb3ea2fadfbc0b288c90efb6e,0.4868809316879169
0005b35f1d04913e42197d7fbbd6aa49,0.47078220797412695
0005b943eec2a7584473017d14545950,0.5569248329550104
0005bece436aa5957de14e24b505eb52,0.48993206286555413
0005c2330cb058e696660e0e2f1dcc3b,0.4837177651866909
0005c74b733cd7b6424a0ed6a16ff843,0.48300526369096297
0005cc604d875d25ef04e055edb42922,0.5192314897733675
0005cca88a3a9fd0c3b9b0fa7a24f2f8,0.4754561311760171
0005d25b92513facabeb777a589068c8,0.6024611988478603
0005d2f25f63cd321cab822177046e2f,0.4661063909149893
0005d36e5b59f9f06495e4843a3d5997,0.5012598494532191
0005d3c2704f7ac68964787e82ae4441,0.5153792425403867
0005d4080aedaac5262420587c3c17b6,0.46568732269769886
0005d636fd6cce6a7afaebbee04d5948,0.6046777271661505
0005d7714dfa308ef47b12fe066458d0,0.6146260980296223
0005da2f4a3d4b5535b9cb3021b1374e,0.47724918997985116
0005db7c5217998c7aa09966dcfeb392,0.5412686112895114
0005dc12d0d2c81b8314b6f5581ac5e2,0.4922896500554424
0005dd17c70bb8ec399d7279dc3e7fcd,0.5360000885169321
0005dd3be40127511d9c0a4278d880a6,0.5549059046836085
0005debd6f604f5ba0ef59e223c7674a,0.587652462292508
0005df2cf27a1adee12574d550355d31,0.5003097810432469
0005e19ac62fc4395abbc034e53d8400,0.49392313010825095
0005e259d51f4e051254d35404f3db86,0.5204593676271995
0005e26936b86fc5aff4db792fd630f9,0.5103321841441294
0005e4a57e49ebc327f155068764d770,0.5146954113799158
0005e67524280eb9ffd4118fc46142d8,0.5174732274263691
0005e91932c4293200bb2a7858678991,0.4765809408034953
0005eaa4dcd0fbff14f848e573f8cc2f,0.5578774791689776
0005eab46190df2e35bc7b696f324260,0.48559747642116535
0005eb74910f05a40efbb39cf81bfe4a,0.5574738898967935
0005eb76082507a4c326faa1bb6f2997,0.5402130385183874
0005ec1bf0421055433c91940cdf4c4d,0.5252283145385862
0005f03a540e266245792fd9935623a4,0.3978738323940818
0005f0bcfe378929d02bf29d41872ba3,0.5674225805503438
0005f3c62bfae75245d1b40edc84bf36,0.49372394101018185
0005f42150b5e058b310ccf82524d2c6,0.5512057629166971
0005f701629604a98b589b8b502f50e1,0.48304272289177774
0005fa86f1e68e71f57aaa07bbefce58,0.49377094704835334
0005fb4e755757bfbc6b8967b82ab136,0.5000493618724892
0005fbf4960a62c4426127eabb491b61,0.5048534460324425
0005fc7011686537e8fbbdd800e52220,0.47592215995002485
0005fcedf04f6162ec0533acc7eb68ea,0.5163006741561091
0005fd15c5dcdab0de8f7670e68379d6,0.44901378816856663
0005fe6b67ee219c8bcacd6a223a4fdf,0.5146056250928902
0005fef881da48f81ed5810017be7380,0.4851060751806826
000600bccacb1bc3eac6edebb94b9e29,0.482398246996406
000602784acc0c12a18ed59f7c1bf885,0.5904907331039362
000604135b843f76997779449b22e795,0.4944013619354996
000605ac803fb760385da37d9fa41455,0.5925659898146867
00060653d976c2e844f35ef67a173de8,0.5267596955393805
0006072e2561c084525261b02c03ce53,0.4159007458698121
000607a80e769c09eb07ec1ab475f9ce,0.5115190031268328
00060916f55eaffb20541464a3e4bbc6,0.4922767860966313
00060ab5bc94a942535a41a0143c7cc7,0.4768528108486764
00060ad6bd47d654ff64907fcd98723c,0.5366322833229077
000610068e94d8de9c74d91ac515b778,0.4922767860966313
000611dae5181d9d32b1b4f038a46d5e,0.649947383893437
000614600b6cc930b2e9943e6d308b06,0.5902509294944006
00061921a85edf9a0c0eba55e866499b,0.5801886872716763
000619800dbc8d5b0369db43d9fc3ba1,0.5822823469681124
00061b722587e879beee17a4810df929,0.5208436971309431
00061dce2ae59451725ebabe48cc81ca,0.46610854475227403
00061ea87b2204cb0b8cda8d9274272f,0.49227152724554496
000622a18e76fc6b444d82780d072a6a,0.44808141957069514
000622bbf9ebc31af145dc473ecd6e19,0.49227265992116354
0006264d50dcf7817fc31978091fbe5d,0.4849968067017948
0006272444a93b0948185de1873f9e0f,0.5012934948197684
0006297cef95c5f79b33d0234dd108a3,0.4933271809220703
000629afe1e5f4df1d91b5d24d2b6b02,0.5673311289933083
00062e6d4a936e5af8f2011367a23f3d,0.48763054825113195
00062f4b5e3d3f1928a1d889b655e57a,0.46565059164549605
000630e159e5d1d68c16d15dfbd6f871,0.4579637142033553
00063100c0efec591d0f5add75b1b657,0.46408877128158765
00063111fbca5db5820564bdfddbc4c7,0.503492665828536
0006380800976a62c61f090eb9edd9f6,0.4493750843745747
00063911479a2283bbbfb323ea65705d,0.570134687618459
000639222ed9ede831df21548f167586,0.4666144011555865
0006395bc6b1e99b2ff096e71ef7fb93,0.48507759647941523
0006395da64ce9e8704fa3a6874174ec,0.5092132581226347
0006399d7dffc3e1ff38417da76c1b16,0.5048533651270413
00063a36bfd84e1627f433470e271670,0.571949700725682
00063ad6d0edc5dfcbf83dfe5b5f3de7,0.48192307304280213
00063b61efa5bc217b9e634a402af7eb,0.6151638125875978
00063ff5885a01cbe9c7ef1b882b936a,0.5063378431975565
000642b7df6a5d972a147f38b1a86d1d,0.5858860830927651
00064393e4715e8fe863089d29493dc7,0.6050567358046794
0006469ac287bec49e7d27bd02b0aece,0.4539162612849805
000647edd199e429a3ad855a59f0d1ed,0.46564662728083095
000649361c6c38083cab6b5ec15eb7c9,0.5257248149808645
00064b6de37e03021d18d156a6a72688,0.49204631317945546
00064e8630871f7f7268e86f11a0228c,0.5684143890883999
00064f10cb861aca5736e634a64fc219,0.4841900999562915
000655b7e5090e994c775293304c6e43,0.5848762042227655
000657af2517d41f8de7e34f4446a5ca,0.4942183242179213
000658a59e3798680ad90e603a7f83ed,0.5092811377543488
00065ad1ec5d26952f74025af6f7828b,0.4923140025812421
00065ad20b640e99acce25cac78c6d3d,0.5373289110873142
00065ade5e8aed9b15c74d4fc8f1b1b2,0.5027882487901869
00065b5c9d2afb62593719b947978c67,0.46590336865450666
00065b6c2ad6af88b7dc0b994329e2ea,0.4855451306265062
00065b916d31d77e6b2b9fb58f88ad49,0.512879912882568
00065e909165a1ffc0a2e98831e13902,0.5900082132904172
00065f1dbf050914bf6c8bfb64db21a8,0.5042627497293863
00065f55e28ff2560e0be2a048bfb7b4,0.5574738898967935
0006632b2e6ba6a7d34498d3973c161c,0.5183544577688157
000664c2bf564cb069d818ffa782e14b,0.4498581530095889
000664e0f8af09b3ec3cf77ab218ec18,0.4953369739682112
000666ad9b6c7a5c33657ad0bfbce4ea,0.49227670519122996
00066a4232a2764acb94a3131bff2b04,0.5232930530176939
00066e528160c0f4dd0bf7d5a85c88b1,0.49228689927179725
00066f7f8b829f4bb6b7ac69e50e6500,0.47241121576139666
000670c79dff8bec477f5cf891e79b3c,0.4918010527264287
000670d5e71061e08bab9776f9c9c257,0.4935812238822396
000674ece658e34d1f52617ac606e6ba,0.48570114179931473
00067692089a076481f422617caebc50,0.5048413396480332
00067af91454c7b0d126413687c24709,0.5118662491093318
00067c6e0026ec91d78fa7d4edbc6e6e,0.5666864287875912
00067ff8ff48f07d3bb92653c4a9b608,0.5592649698398617
000681c1dffe152413520c0ac1c4ba59,0.5047209716314949
00068213b9f72d3568b7484848912ccf,0.5206106666956444
0006822529b777ad54d88e517d733f20,0.4903461049082184
00068722869496142a8c4f76166e531c,0.4952735111881873
0006902e95e0b675b934d33d47d9984e,0.49227662428582863
000691a49410b5afed73fdbe2c2e957b,0.5943438537461401
0006935d723facdca70293b12f49c8c2,0.5243341437219802
0006941259afaeba50fd86b08a24fb22,0.49387345419183565
0006995dd8abd8003e2a33996967683c,0.49479941038032743
00069b275f5a9884a17ab90b558e83de,0.49356067391030234
00069c90a2538dd98a700913b0b2a553,0.5345482931499448
0006a0e346ee39d789408f7159053d86,0.5106171446502697
0006a232bb4312ab20b694a0a301c17f,0.555252584328298
0006a385254feed61b94d7104e237ede,0.6038073136919739
0006a4ec07e9e826d7fd312727481fb7,0.4942456078840462
0006a6dff8728182a7e3c87841673049,0.4948484512527146
0006a7134d009ac6c8985ef1644b901e,0.5897320606943244
0006a855875ed3a7401cb0cd61776360,0.5216611424264848
0006a8f8c68b4ccceec70816fdb67db9,0.4938920624341411
0006a92792bcb650dd17cb11a910b732,0.48555807549071867
0006aab4818cf3a7a5ffcfee473d455b,0.5094042168415251
0006abf99cddd4e8f4fed0cd629ed4cb,0.4936889898768082
0006ad18a3e645e9047d56c23229e85d,0.4493346316739108
0006ad1d1774e564d00c2d489899e91f,0.6883351302324329
0006af6a7fd02a3c08a725149613b8e8,0.5663808757695389
0006b150b6abfadbb013e1ac8cbef44f,0.4797473930917564
0006b41f3d6fdf749be5477b41369414,0.45399069425420213
0006b6bf94fe01b75826ee30ef0ffca4,0.48559747642116535
0006b7160085ddd807175c03d11b0c24,0.4826350920130659
0006b72d7ad7505829679aca5ba28993,0.45084583718840726
0006b92d489204c88ead98a4c1b86d87,0.4923091482571624
0006bdc08429a22893b5ee1f88c8a03f,0.4953299132265389
0006bfdc961db4748fa857b268f8c82d,0.5529597691981815
0006c0963400f2fdecf66c4bd7e63c6d,0.5548271837281165
0006c123a310673cfb61245c5dc068fd,0.5414291576938294
0006c3e1fda5060f5d8ab3d274022d32,0.5603401050479042
0006c6f6e99e30851b8ed34d357d918e,0.5179598012211386
0006c9a57271b3adfa97dc5380f228cc,0.4827420784204436
0006cae488a218b043ba6da1b452ff1a,0.5374383438363366
0006cd6d8f9927b93884156a63545e27,0.5964505008486389
0006d34879ed0d6a5b739d8ba09cb5db,0.4807639633297353
0006d551681c9a878552614eda5c07d9,0.49324603280453844
0006d5c0671767cbac1ac1261e6c08f0,0.4526431504630168
0006d770f1b9542c306d9b6171d160fb,0.4705186523757507
0006d8e705df33c4e7b0eeb937721540,0.48559747642116535
0006dc0caae5f3062392ded441ececdb,0.4929414142053815
0006df4c420eb805fb7dc24a853684d4,0.49581979543157884
0006e35484f88711c0b41879ea5c2da2,0.5597689928395083
0006e4a44c6a22d43bbe0aeaec5cd9da,0.7437845255591311
0006e5ea112473acb5253cede26cf467,0.5923286942725922
0006e6e62cc6b531567f865f69ce7726,0.5173523074761751
0006e72059556ba1b20589ccbecdeca6,0.4614530926471705
0006e92e4221605684434f2b69e2cf46,0.42434676138613503
0006eac9f786752c055937bd2c1508d9,0.4943756559896341
0006ec635996fa2123c106b1873fde99,0.6025677582430348
0006ecdafcd25d45376dd5e20f17f3d7,0.45083100283842126
0006ed103750a8b49806a22061cbfe9c,0.5535594400328232
0006ed23aa728cd73995b0f1896f6c90,0.4489921059228151
0006eeca78d011f69667a97c88a701a6,0.5817627393140932
0006f0e8e747be4efbb58f3b892e7fcb,0.5231905458742115
0006f19ea1818e0b2af644b395f38011,0.4855986090967839
0006f70246630024401b69544cc763b6,0.590041465410363
0006f7d06d82bcb7e3c9eca6de50b817,0.4668519273825711
0006f8342d396c3c366bf72b978357b8,0.5370928777726669
0006fa7ca65e6eb3ae25dc2e0d6b8580,0.49528273440393866
0006fc84ce4552e1c8e16451fa3bb851,0.4703457547736304
0006fda0a72663e373807fdb9fd4bb01,0.5691473374100408
000704cd59ae93a2b7990462e11893b3,0.5547624594070542
000704e99a217b6fefc4ee7c3f4c6360,0.5219555249229425
00070de05cd6ff1737564e03248a43be,0.4876543344391223
00070f682497a8f487855980ecb48d6c,0.5359322897906195
0007149e76c98c1660c01253c7f19f6c,0.5744503804979748
0007184f3638c80ae5fc441c5e584a7b,0.44808141957069514
00071b0769718f32fbb0718439a5a97d,0.6100197967437326
00071d21b10b403c424187b777c2bafc,0.5543770260751285
00071d36ae03e207676cce08b8656b87,0.5676742923357806
00071f71f556a91aa3820886180b0f0f,0.46936779398116163
0007202b75ee7caad77eab570c5e2a71,0.5964860992252231
0007222607dd125b41985e445187cf2a,0.5346511077978064
000725d40900615798fccbc434d02791,0.5043638005756448
00072813961f43393ec9a971cb62b0d3,0.5045534165453449
00072b4e5a473abe54575ecae2a3afc1,0.5606189987730239
00072bf7a2507868703369e64934beea,0.4685854445979387
00072c0daf3af564f9e8408dc07e08ad,0.5600209194319103
00072f5f9317b1b2cb412b7b3f453187,0.521828969791633
0007309092e6fd5d2e8ae70f7d7db9a7,0.4289753680242951
000736827910b7aaefb5c604d10b03c9,0.5095282828537332
00073755f14b6f0bad9777ed76d0851f,0.48674382505257907
00073de5127b9cbd6448642d8e7f04a8,0.4745741235489317
00073ea6fe1553e85f8b932ff295e189,0.485587282340598
00073f5bd848526132d44927b28af32b,0.68127728984763
00074541ca31517318a6db05cc5cc737,0.5682446934999277
0007455d2dbd64fe207880fa27352d84,0.4920464749902581
00074f963c8792d31e76bd64d7342221,0.5414671392889399
000751499d73962798465a35a601610d,0.49394222378296426
0007581623fb56bbf8df990425fae684,0.47337846038825093
00075bd35a75a7aee0f8631a7017d9b2,0.47158167701036857
00075c9753ae9595fc18e63ad8604754,0.49292192576681926
00076146c4ceebb8d3ac6d745d0ca082,0.52886306201379
0007619367d5ff49be6e62c4484b7c9b,0.5477798882674988
000764be36d2dd6833cd9ee635901c76,0.5536453176255198
00076516386a3c9aaa18782152b38eff,0.5514637169442702
000769f7090dd1a1c3cac65c4b756e17,0.4988907179545828
00076b2f9fb09a7d1b7f0ff3e6861dc7,0.5536064830328824
00076ba2850db5c043598012fa6325bb,0.5578493026416185
00076c707887df2aa33da2e34f9d77f4,0.5222006682889658
00076d58fe58a4265d539923e54bcd8d,0.511893403624403
00076ecf25d9672e9c0d7228e540b70c,0.45012038417688716
0007700b53eb9c2ac1741392d532e995,0.5035461442988137
000771336d1833d83434d81c09c17385,0.5035351411642331
000772908f5cce1ceaf6d03b7deace4f,0.5574738898967935
000774ee296cfc8a59833dbb22104953,0.5182467667681074
00077539a868ebe6185c27390e5d30cd,0.5993594340516507
00077ea63033612e046688ad534da942,0.4489840153826823
00077eabdffae00431f095b19073c384,0.4703143198674551
000783064add7c1248dd23324ee4c07c,0.4541640729353959
000784ea1cef4ff1e22a110bf2621b07,0.5481251116149646
00078a560d24514d6161da58d267c434,0.5776177128878655
00078db06a13a7c51383fa1d38f28fd7,0.5154695329682686
000790af0bf03af2d38a56714b92650a,0.7620845892744075
00079249bc87a27386fea0c13d5dffdc,0.4262622376131987
0007963e6eb29e66b58e9e7de5834c90,0.48902683983335277
0007969e860b57a5b7bef10f0a690903,0.5283849227388431
000796ff3e038ecc023b3b5db9c32c2a,0.5385309970482213
000797f5c92ce6baeced0320bed27104,0.5137460233722508
00079ccc58d048f6e532142d1a7fc1a4,0.5549055001566018
00079e3fabaf779a6e5cb9eecd610694,0.4490245489887475
00079f6a4ddf17179704ad3358da0124,0.4954458506666417
0007a2516fae39f8484aedb3dc87388f,0.5212121660955426
0007a2fa6c66dd03c2569b506b8a40ad,0.44797494210600913
0007a445dd5dd2c2b3a0f0470b20c3ed,0.512503055523183
0007ac04d98955b9a859ec8bdb57b577,0.4962528011394853
0007ae9b7e0b66a20f5f6de26216aea0,0.5358278120062487
0007af7b1895a9ef3136fe4caa6d624e,0.47609419060020036
0007afeead0a653f0b0436deb8f8a66b,0.5100739737254735
0007b5aa8e9779508d3ae431b1f12d46,0.511931701579006
0007b79d6848143b9f664395f9d62ce8,0.50689705886411
0007b864f28f6980f547f46c450a47ce,0.4746008938409404
0007b920d33d5a6e52fee723679f513f,0.5334117601927735
0007b9220971d3f32b8a7c9ad8d7b82d,0.49543355304563985
0007ba4b1dfb67de94a0af8760b84a07,0.5372228118471993
0007bcb2e1851f28fd624db25c5033ca,0.5077469262273446
0007bce165fbebf8807fdd4c1d3b780f,0.5410608513877786
0007bdf6cd6bc8c98dba005c0585e7de,0.48938630897749247
0007bf130e87b8d209f0b0d78be18ac9,0.48724238014413274
0007c0164e46743138998f9a14674432,0.47534807485945024
0007c1342c8ec23cc9a65c6201412c87,0.49227322625897285
0007c316d096a7e0f6c9c087f8f943ae,0.524780891663573
0007c33e976425d8511b13262a512039,0.4925854996622766
0007c6e65b3858d16ab6b532f7ddf8a2,0.5229383680594037
0007c9d3b3ce4998be037fe04173b7bf,0.49356625638299395
0007cba105c24330d6550f9ea33e6940,0.4922768670020326
0007ccda45f37d004034be486ea5a168,0.5225287719503242
0007cde6ebbed6cad11f3da644c83cce,0.49356827901802713
0007d4d13514338df94b7bd1468556bd,0.537430683590163
0007d54c7e5992c4fe0d877d834d5197,0.4845371175036639
0007d5581574b50e79cb4d62b9f0ac39,0.4935012893457277
0007db47db30223903b5e16db3f1712c,0.5571739950198928
0007dd34b214e6a153ded7af3e2b9ea2,0.5406996663308133
0007dd6dd5b6a982125745b973ca2732,0.5685246701320354
0007dd83156b0804ca6bce058d86fadf,0.660017438897119
0007dfc4b0bed5001c5e5a2e1e799ba4,0.49293615535429525
0007dfcb9c55770194ac1cccf70ab49e,0.4798494957082321
0007e0fda434a2dc6e225a66e7943c89,0.5359190213048016
0007e1efbea47575cfefebdcb72cbc61,0.5186861699142598
0007e60c780179d8ae920ce65d0d0759,0.47817226183710004
0007e65a66455d5b32605f878b4c33ac,0.5714917139149303
0007eb1078cb9564cdce0064fdd7f9a1,0.519071765056988
0007ebdc8666535f137fd4a0ce16ecc9,0.5716017683671939
0007ec6bef6943101616f0940ad022cc,0.5945769730646763
0007eee91a9de42d83307e9cb88a54e2,0.5348978913551686
0007ef65446f209e072bc03884a4d898,0.4992219704345714
0007f3724d62946a04c253e716e29a21,0.54819525589896
0007f3a5443aeaec5f7d8f4c4898f72c,0.45233573527088894
0007f71c02e989da36871d71fee0646b,0.5197845416426861
0007f833a50058322e544c351a9e6508,0.5051029260311635
0007f8ac745e2760a5e1c2c189cb40af,0.48560281617765294
0007f9ecad8a3a283dec265cf5f45bee,0.5515091662565383
000800b40e2c65732e96ccad16286630,0.5137607481552925
0008030080264b413b4a442645e3074e,0.49227144634014364
000803120873222307d2be67c3208d70,0.5634008258943941
0008081c2506d5c89a60ca80d8ef7236,0.4489840153826823
00080bea4b3c7c678d9ee867ce8dd311,0.5212001920961461
00080e7369ab761dfe530d3f174c87bf,0.5263137121799218
